{
  "particles": {
    "number": {
      "value": 100,
      "density": {
        "enable": true,
        "value_area": 600
      }
    },
    "color": {
      "value": "#C5C3C6"
    },
    "shape": {
      "type": "circle",
      "stroke": {
        "width": 0,
        "color": "#ff0000"
      },
      "polygon": {
        "nb_sides": 4
      },
      "image": {
        "src": "img/github.svg",
        "width": 100,
        "height": 100
      }
    },
    "opacity": {
      "value": 0.4856215551220938,
      "random": true,
      "anim": {
        "enable": false,
        "speed": 1,
        "opacity_min": 0.1,
        "sync": false
      }
    },
    "size": {
      "value": 3,
      "random": true,
      "anim": {
        "enable": false,
        "speed": 5,
        "size_min": 0.1,
        "sync": false
      }
    },
    "line_linked": {
      "enable": true,
      "distance": 161.8738517073646,
      "color": "#dcdcdd",
      "opacity": 0.7527134104392454,
      "width": 1.4568646653662816
    },
    "move": {
      "enable": true,
      "speed": 2,
      "direction": "none",
      "random": false,
      "straight": false,
      "out_mode": "bounce",
      "bounce": false,
      "attract": {
        "enable": true,
        "rotateX": 1231.5877629439865,
        "rotateY": 1200
      }
    }
  },
  "interactivity": {
    "detect_on": "canvas",
    "events": {
      "onhover": {
        "enable": true,
        "mode": "bubble"
      },
      "onclick": {
        "enable": true,
        "mode": "push"
      },
      "resize": true
    },
    "modes": {
      "grab": {
        "distance": 400,
        "line_linked": {
          "opacity": 1
        }
      },
      "bubble": {
        "distance": 200,
        "size": 15,
        "duration": 1.1478420569329653,
        "opacity": 1,
        "speed": 3
      },
      "repulse": {
        "distance": 75,
        "duration": 0.4
      },
      "push": {
        "particles_nb": 4
      },
      "remove": {
        "particles_nb": 2
      }
    }
  },
  "retina_detect": true
}
